Cancer id,Cancer label,Population id,Country label,Sex,Type,Year,ASR (World),Crude rate,Cumulative risk,Total
0,All sites excl. non-melanoma skin cancer,191,Croatia,0,0,1988,207.2020911,307.5807819,20.77755441,14494
0,All sites excl. non-melanoma skin cancer,191,Croatia,0,0,1989,218.2900013,318.9346703,22.08487512,14942
0,All sites excl. non-melanoma skin cancer,191,Croatia,0,0,1990,230.5271167,331.5615159,23.27978985,15520
0,All sites excl. non-melanoma skin cancer,191,Croatia,0,0,1991,194.166361,288.3543303,20.27464263,13588
0,All sites excl. non-melanoma skin cancer,191,Croatia,0,0,1992,204.659723,305.6249364,21.98786061,14287
0,All sites excl. non-melanoma skin cancer,191,Croatia,0,0,1993,219.8146832,330.5743436,23.60532907,15335
0,All sites excl. non-melanoma skin cancer,191,Croatia,0,0,1994,215.5234221,329.5391989,23.35655348,15175
0,All sites excl. non-melanoma skin cancer,191,Croatia,0,0,1995,232.5278519,359.1284607,24.66648738,16422
0,All sites excl. non-melanoma skin cancer,191,Croatia,0,0,1996,226.8459292,358.3593403,23.98802436,16278
0,All sites excl. non-melanoma skin cancer,191,Croatia,0,0,1997,233.3905221,375.5349118,24.50944667,16951
0,All sites excl. non-melanoma skin cancer,191,Croatia,0,0,1998,221.8380424,364.688182,23.22645351,16364
0,All sites excl. non-melanoma skin cancer,191,Croatia,0,0,1999,300.783934,486.5923231,29.47481637,21713
0,All sites excl. non-melanoma skin cancer,191,Croatia,0,0,2000,311.0439831,458.0777806,32.22442444,20070
0,All sites excl. non-melanoma skin cancer,191,Croatia,0,0,2001,264.3740932,446.5048221,26.484789,19737
0,All sites excl. non-melanoma skin cancer,191,Croatia,0,0,2002,263.0752855,453.2133088,26.33447099,20037
0,All sites excl. non-melanoma skin cancer,191,Croatia,0,0,2003,259.2920116,455.2800658,26.12409209,20128
0,All sites excl. non-melanoma skin cancer,191,Croatia,0,0,2004,257.2065527,452.1168771,25.68259935,19984
0,All sites excl. non-melanoma skin cancer,191,Croatia,0,0,2005,271.3335264,482.6415456,27.00433028,21346
0,All sites excl. non-melanoma skin cancer,191,Croatia,0,0,2006,262.4372647,471.3181549,26.28116872,20836
0,All sites excl. non-melanoma skin cancer,191,Croatia,0,0,2007,268.4435159,487.4833758,26.75444945,21531
0,All sites excl. non-melanoma skin cancer,191,Croatia,0,0,2008,263.7066557,484.3149143,26.6900808,21384
0,All sites excl. non-melanoma skin cancer,191,Croatia,0,0,2009,273.3954759,509.4463915,27.12622679,22466
0,All sites excl. non-melanoma skin cancer,191,Croatia,0,0,2010,268.2591687,505.7299004,26.81845177,22245
0,All sites excl. non-melanoma skin cancer,191,Croatia,0,0,2011,269.0821513,521.7699671,26.79159096,22335
0,All sites excl. non-melanoma skin cancer,191,Croatia,0,0,2012,266.6617431,521.5629172,26.70727521,22258
0,All sites excl. non-melanoma skin cancer,191,Croatia,0,0,2013,272.4769773,540.3750389,27.15439995,23032
0,All sites excl. non-melanoma skin cancer,191,Croatia,0,0,2014,283.5090747,562.2235769,28.16428293,23877
0,All sites excl. non-melanoma skin cancer,191,Croatia,0,0,2015,283.6399901,572.0172566,28.30487678,24170
0,All sites excl. non-melanoma skin cancer,191,Croatia,0,0,2016,285.6647173,580.1344054,28.68130583,24312
0,All sites excl. non-melanoma skin cancer,191,Croatia,0,0,2017,294.8287208,609.8779233,29.65039659,25336
0,All sites excl. non-melanoma skin cancer,203,Czechia,0,0,1983,221.4099954,318.2172164,22.79786431,32849
0,All sites excl. non-melanoma skin cancer,203,Czechia,0,0,1984,223.9929425,321.7371969,23.12054468,33237
0,All sites excl. non-melanoma skin cancer,203,Czechia,0,0,1985,224.4735045,322.2042613,23.30308764,33317
0,All sites excl. non-melanoma skin cancer,203,Czechia,0,0,1986,228.2327645,329.2150039,23.61983454,34054
0,All sites excl. non-melanoma skin cancer,203,Czechia,0,0,1987,240.5083673,347.0350079,24.41952119,35915
0,All sites excl. non-melanoma skin cancer,203,Czechia,0,0,1988,241.83916,348.3966281,24.67722737,36081
0,All sites excl. non-melanoma skin cancer,203,Czechia,0,0,1989,247.8345365,360.2744617,25.1114306,37332
0,All sites excl. non-melanoma skin cancer,203,Czechia,0,0,1990,244.0030563,355.5347545,24.70643469,36843
0,All sites excl. non-melanoma skin cancer,203,Czechia,0,0,1991,256.2428079,378.5128777,25.78855656,39019
0,All sites excl. non-melanoma skin cancer,203,Czechia,0,0,1992,259.3362818,386.4836837,26.05305498,39877
0,All sites excl. non-melanoma skin cancer,203,Czechia,0,0,1993,264.3802348,396.4142668,26.60143766,40952
0,All sites excl. non-melanoma skin cancer,203,Czechia,0,0,1994,267.942556,406.3016814,26.97056347,41996
0,All sites excl. non-melanoma skin cancer,203,Czechia,0,0,1995,267.915265,410.2796319,26.93651091,42385
0,All sites excl. non-melanoma skin cancer,203,Czechia,0,0,1996,276.5775633,429.0982577,27.67125561,44263
0,All sites excl. non-melanoma skin cancer,203,Czechia,0,0,1997,273.0035496,428.5183821,27.51325357,44153
0,All sites excl. non-melanoma skin cancer,203,Czechia,0,0,1998,274.8091238,437.6031999,27.48724043,45051
0,All sites excl. non-melanoma skin cancer,203,Czechia,0,0,1999,273.6139058,442.6038707,27.5506993,45512
0,All sites excl. non-melanoma skin cancer,203,Czechia,0,0,2000,271.5494411,443.1247185,27.35150489,45520
0,All sites excl. non-melanoma skin cancer,203,Czechia,0,0,2001,272.2178905,450.0208916,27.47725168,46011
0,All sites excl. non-melanoma skin cancer,203,Czechia,0,0,2002,279.0423456,470.9642621,28.13328588,48042
0,All sites excl. non-melanoma skin cancer,203,Czechia,0,0,2003,284.6730141,484.1961365,28.48722401,49396
0,All sites excl. non-melanoma skin cancer,203,Czechia,0,0,2004,286.9658906,494.4683133,28.80718808,50470
0,All sites excl. non-melanoma skin cancer,203,Czechia,0,0,2005,290.0939417,504.2557757,29.19284328,51606
0,All sites excl. non-melanoma skin cancer,203,Czechia,0,0,2006,286.6922275,503.3971172,28.72795082,51682
0,All sites excl. non-melanoma skin cancer,203,Czechia,0,0,2007,292.0279539,520.4167248,29.46844593,53721
0,All sites excl. non-melanoma skin cancer,203,Czechia,0,0,2008,292.6501601,526.3050913,29.44300286,54892
0,All sites excl. non-melanoma skin cancer,203,Czechia,0,0,2009,294.0033569,532.2503225,29.56362893,55841
0,All sites excl. non-melanoma skin cancer,203,Czechia,0,0,2010,297.768805,547.947576,30.04654459,57629
0,All sites excl. non-melanoma skin cancer,203,Czechia,0,0,2011,293.9677499,549.3741254,29.76100395,57666
0,All sites excl. non-melanoma skin cancer,203,Czechia,0,0,2012,289.4794099,549.7138435,29.50937274,57771
0,All sites excl. non-melanoma skin cancer,203,Czechia,0,0,2013,289.4246643,559.1625083,29.46501556,58772
0,All sites excl. non-melanoma skin cancer,203,Czechia,0,0,2014,286.2411442,559.9640392,29.27647368,58935
0,All sites excl. non-melanoma skin cancer,203,Czechia,0,0,2015,285.3793034,564.8802773,29.2967163,59555
0,All sites excl. non-melanoma skin cancer,203,Czechia,0,0,2016,285.3406845,571.2198555,29.29132535,60351
0,All sites excl. non-melanoma skin cancer,203,Czechia,0,0,2017,281.4099547,566.7014746,28.71635175,60011
0,All sites excl. non-melanoma skin cancer,233,Estonia,0,0,1983,181.751048,250.3733725,19.69442608,3777
0,All sites excl. non-melanoma skin cancer,233,Estonia,0,0,1984,191.7268398,264.216452,20.35861646,4012
0,All sites excl. non-melanoma skin cancer,233,Estonia,0,0,1985,194.0156952,268.6019615,20.69790304,4106
0,All sites excl. non-melanoma skin cancer,233,Estonia,0,0,1986,192.9159277,266.7350603,20.84355642,4108
0,All sites excl. non-melanoma skin cancer,233,Estonia,0,0,1987,196.4794097,271.2984766,21.25853701,4211
0,All sites excl. non-melanoma skin cancer,233,Estonia,0,0,1988,202.6178233,281.7119636,21.50068724,4400
0,All sites excl. non-melanoma skin cancer,233,Estonia,0,0,1989,201.4717567,281.672896,21.43396625,4417
0,All sites excl. non-melanoma skin cancer,233,Estonia,0,0,1990,205.9803215,289.069281,21.77012739,4536
0,All sites excl. non-melanoma skin cancer,233,Estonia,0,0,1991,211.7418706,301.0284927,22.45817453,4700
0,All sites excl. non-melanoma skin cancer,233,Estonia,0,0,1992,211.9163584,308.9183878,22.4048828,4736
0,All sites excl. non-melanoma skin cancer,233,Estonia,0,0,1993,225.861319,333.3717058,23.90938813,4981
0,All sites excl. non-melanoma skin cancer,233,Estonia,0,0,1994,221.3100247,331.8258834,23.55049886,4853
0,All sites excl. non-melanoma skin cancer,233,Estonia,0,0,1995,228.4339664,349.497506,24.02877205,5021
0,All sites excl. non-melanoma skin cancer,233,Estonia,0,0,1996,236.8834566,369.8800645,24.72754919,5236
0,All sites excl. non-melanoma skin cancer,233,Estonia,0,0,1997,234.0146209,372.2665028,24.24724931,5210
0,All sites excl. non-melanoma skin cancer,233,Estonia,0,0,1998,237.5007107,383.3623344,24.37701703,5314
0,All sites excl. non-melanoma skin cancer,233,Estonia,0,0,1999,234.6612319,383.8061296,24.56315892,5279
0,All sites excl. non-melanoma skin cancer,233,Estonia,0,0,2000,230.9530763,384.2560944,24.2268897,5368
0,All sites excl. non-melanoma skin cancer,233,Estonia,0,0,2001,233.5525519,393.4112087,24.4265322,5461
0,All sites excl. non-melanoma skin cancer,233,Estonia,0,0,2002,228.4115484,393.6636822,23.96456695,5430
0,All sites excl. non-melanoma skin cancer,233,Estonia,0,0,2003,235.1732524,414.5996265,24.46691709,5683
0,All sites excl. non-melanoma skin cancer,233,Estonia,0,0,2004,248.8789844,443.0663095,25.56207482,6037
0,All sites excl. non-melanoma skin cancer,233,Estonia,0,0,2005,234.0122816,424.203281,24.34348317,5747
0,All sites excl. non-melanoma skin cancer,233,Estonia,0,0,2006,261.3939528,474.7514497,26.71067577,6394
0,All sites excl. non-melanoma skin cancer,233,Estonia,0,0,2007,256.0655993,476.0270907,26.3961933,6382
0,All sites excl. non-melanoma skin cancer,233,Estonia,0,0,2008,261.1584443,488.6731634,26.9184273,6534
0,All sites excl. non-melanoma skin cancer,233,Estonia,0,0,2009,258.3483141,487.4430036,26.62528126,6505
0,All sites excl. non-melanoma skin cancer,233,Estonia,0,0,2010,274.1494388,519.4990518,28.04598625,6917
0,All sites excl. non-melanoma skin cancer,233,Estonia,0,0,2011,282.306952,543.0004693,28.96356796,7208
0,All sites excl. non-melanoma skin cancer,233,Estonia,0,0,2012,280.3058356,544.5695761,28.81900439,7203
0,All sites excl. non-melanoma skin cancer,233,Estonia,0,0,2013,282.3864921,558.0437588,28.73301759,7355
0,All sites excl. non-melanoma skin cancer,233,Estonia,0,0,2014,278.0723297,558.2159607,28.14292286,7338
0,All sites excl. non-melanoma skin cancer,233,Estonia,0,0,2015,278.3537336,564.0464686,28.28272884,7415
0,All sites excl. non-melanoma skin cancer,233,Estonia,0,0,2016,280.8045958,572.0517712,28.50411723,7527
0,All sites excl. non-melanoma skin cancer,233,Estonia,0,0,2017,281.5095824,576.1418083,28.95070864,7590
0,All sites excl. non-melanoma skin cancer,246,Finland,0,0,1953,187.9309653,188.8671078,19.8121341,7818
0,All sites excl. non-melanoma skin cancer,246,Finland,0,0,1954,179.0110116,180.2049249,18.7837252,7545
0,All sites excl. non-melanoma skin cancer,246,Finland,0,0,1955,181.2598227,184.2554726,19.03809585,7803
0,All sites excl. non-melanoma skin cancer,246,Finland,0,0,1956,183.5798807,188.6633153,19.38854221,8078
0,All sites excl. non-melanoma skin cancer,246,Finland,0,0,1957,188.3130926,194.4259624,19.82771323,8407
0,All sites excl. non-melanoma skin cancer,246,Finland,0,0,1958,190.9962877,199.7361318,19.9844662,8708
0,All sites excl. non-melanoma skin cancer,246,Finland,0,0,1959,191.7927806,202.4493251,20.19961043,8897
0,All sites excl. non-melanoma skin cancer,246,Finland,0,0,1960,188.9088691,202.3869241,19.74770886,8965
0,All sites excl. non-melanoma skin cancer,246,Finland,0,0,1961,190.553856,206.1867456,19.90741703,9198
0,All sites excl. non-melanoma skin cancer,246,Finland,0,0,1962,189.4929883,206.7709873,20.0075766,9287
0,All sites excl. non-melanoma skin cancer,246,Finland,0,0,1963,191.5770224,211.0402154,19.87580987,9546
0,All sites excl. non-melanoma skin cancer,246,Finland,0,0,1964,198.0124974,221.2136941,20.5281752,10062
0,All sites excl. non-melanoma skin cancer,246,Finland,0,0,1965,194.602673,220.3460041,20.01956243,10056
0,All sites excl. non-melanoma skin cancer,246,Finland,0,0,1966,195.8776164,224.0404604,20.14127406,10263
0,All sites excl. non-melanoma skin cancer,246,Finland,0,0,1967,198.5085614,229.8000312,20.45930436,10584
0,All sites excl. non-melanoma skin cancer,246,Finland,0,0,1968,202.7636609,237.6326565,20.62924802,10994
0,All sites excl. non-melanoma skin cancer,246,Finland,0,0,1969,205.67255,245.1022534,20.79410052,11333
0,All sites excl. non-melanoma skin cancer,246,Finland,0,0,1970,202.5594443,246.4664477,20.75608884,11353
0,All sites excl. non-melanoma skin cancer,246,Finland,0,0,1971,207.4429286,257.1049694,21.26882149,11858
0,All sites excl. non-melanoma skin cancer,246,Finland,0,0,1972,205.9466437,258.2734304,20.97220754,11983
0,All sites excl. non-melanoma skin cancer,246,Finland,0,0,1973,204.1025091,258.6538896,20.83808423,12069
0,All sites excl. non-melanoma skin cancer,246,Finland,0,0,1974,202.4543068,261.6097731,20.63394373,12271
0,All sites excl. non-melanoma skin cancer,246,Finland,0,0,1975,204.895276,267.2431642,20.76362193,12591
0,All sites excl. non-melanoma skin cancer,246,Finland,0,0,1976,209.4553371,278.4793841,21.34173801,13160
0,All sites excl. non-melanoma skin cancer,246,Finland,0,0,1977,211.1736153,285.4670012,21.55890028,13528
0,All sites excl. non-melanoma skin cancer,246,Finland,0,0,1978,210.936102,290.6663875,21.54088096,13814
0,All sites excl. non-melanoma skin cancer,246,Finland,0,0,1979,212.5847243,298.0466725,21.49913967,14201
0,All sites excl. non-melanoma skin cancer,246,Finland,0,0,1980,214.7954634,305.6155044,21.69949678,14607
0,All sites excl. non-melanoma skin cancer,246,Finland,0,0,1981,213.4099427,306.981469,21.46647481,14735
0,All sites excl. non-melanoma skin cancer,246,Finland,0,0,1982,214.8080542,313.843212,21.7239135,15149
0,All sites excl. non-melanoma skin cancer,246,Finland,0,0,1983,215.3263452,318.1564923,21.70540441,15449
0,All sites excl. non-melanoma skin cancer,246,Finland,0,0,1984,213.6199381,319.9432669,21.55329835,15619
0,All sites excl. non-melanoma skin cancer,246,Finland,0,0,1985,216.7671082,326.7712536,21.75499851,16019
0,All sites excl. non-melanoma skin cancer,246,Finland,0,0,1986,222.3691626,336.5490385,22.32152197,16552
0,All sites excl. non-melanoma skin cancer,246,Finland,0,0,1987,223.0273602,343.1990646,22.37768952,16927
0,All sites excl. non-melanoma skin cancer,246,Finland,0,0,1988,220.7925518,342.526368,22.20436257,16943
0,All sites excl. non-melanoma skin cancer,246,Finland,0,0,1989,217.3034727,339.7610694,21.78682175,16867
0,All sites excl. non-melanoma skin cancer,246,Finland,0,0,1990,218.5538363,346.3399319,22.0567477,17270
0,All sites excl. non-melanoma skin cancer,246,Finland,0,0,1991,225.3439553,356.9989668,22.53243523,17899
0,All sites excl. non-melanoma skin cancer,246,Finland,0,0,1992,229.7022473,369.4174842,23.12459696,18626
0,All sites excl. non-melanoma skin cancer,246,Finland,0,0,1993,228.3583554,370.9108178,22.79978136,18792
0,All sites excl. non-melanoma skin cancer,246,Finland,0,0,1994,234.5428248,385.8238052,23.46595877,19632
0,All sites excl. non-melanoma skin cancer,246,Finland,0,0,1995,236.0909415,391.9307567,23.58643792,20019
0,All sites excl. non-melanoma skin cancer,246,Finland,0,0,1996,247.1660383,413.3222417,24.61559934,21181
0,All sites excl. non-melanoma skin cancer,246,Finland,0,0,1997,244.5669027,412.4840985,24.45484119,21201
0,All sites excl. non-melanoma skin cancer,246,Finland,0,0,1998,247.222865,421.9076462,24.70545544,21743
0,All sites excl. non-melanoma skin cancer,246,Finland,0,0,1999,246.2457663,424.9561608,24.68932687,21951
0,All sites excl. non-melanoma skin cancer,246,Finland,0,0,2000,247.9846573,433.096928,24.9893903,22418
0,All sites excl. non-melanoma skin cancer,246,Finland,0,0,2001,246.8988386,438.3377975,24.75913785,22741
0,All sites excl. non-melanoma skin cancer,246,Finland,0,0,2002,253.9519521,453.5824534,25.52398055,23589
0,All sites excl. non-melanoma skin cancer,246,Finland,0,0,2003,256.3615433,464.2036703,25.62645789,24199
0,All sites excl. non-melanoma skin cancer,246,Finland,0,0,2004,268.0609247,489.9227196,26.73909419,25614
0,All sites excl. non-melanoma skin cancer,246,Finland,0,0,2005,268.0226306,499.7049711,26.87353653,26215
0,All sites excl. non-melanoma skin cancer,246,Finland,0,0,2006,264.7604469,499.5758381,26.3643891,26309
0,All sites excl. non-melanoma skin cancer,246,Finland,0,0,2007,255.3717655,490.8182406,25.60952958,25958
0,All sites excl. non-melanoma skin cancer,246,Finland,0,0,2008,256.853173,499.7177889,25.59768236,26552
0,All sites excl. non-melanoma skin cancer,246,Finland,0,0,2009,268.1933243,523.7437394,26.87022386,27962
0,All sites excl. non-melanoma skin cancer,246,Finland,0,0,2010,266.3560896,530.5824166,26.59514487,28457
0,All sites excl. non-melanoma skin cancer,246,Finland,0,0,2011,265.7484615,538.2059905,26.57782255,29000
0,All sites excl. non-melanoma skin cancer,246,Finland,0,0,2012,263.8358817,539.2345599,26.28008381,29194
0,All sites excl. non-melanoma skin cancer,246,Finland,0,0,2013,270.2764835,561.0435207,27.01086885,30515
0,All sites excl. non-melanoma skin cancer,246,Finland,0,0,2014,272.8959712,567.1323772,27.0515542,30974
0,All sites excl. non-melanoma skin cancer,246,Finland,0,0,2015,275.5849662,588.8643197,27.13005652,32267
0,All sites excl. non-melanoma skin cancer,246,Finland,0,0,2016,281.3726489,602.0232735,27.86469082,33083
0,All sites excl. non-melanoma skin cancer,246,Finland,0,0,2017,276.7325608,602.8814969,27.48172053,33208
0,All sites excl. non-melanoma skin cancer,246,Finland,0,0,2018,271.5947245,604.1311212,26.86076665,33321
0,All sites excl. non-melanoma skin cancer,246,Finland,0,0,2019,274.8134346,618.0267678,27.26438275,34125
0,All sites excl. non-melanoma skin cancer,246,Finland,0,0,2020,265.1762841,602.2559733,26.47615598,33302
0,All sites excl. non-melanoma skin cancer,246,Finland,0,0,2021,271.049673,625.1199013,26.8202632,34638
0,All sites excl. non-melanoma skin cancer,246,Finland,0,0,2022,272.9259998,625.1501164,27.02770503,34734
0,All sites excl. non-melanoma skin cancer,250,France (metropolitan),0,0,1998,273.4571279,435.9387848,27.55437095,28474
0,All sites excl. non-melanoma skin cancer,250,France (metropolitan),0,0,1999,276.7247882,444.7207461,27.74283914,29258
0,All sites excl. non-melanoma skin cancer,250,France (metropolitan),0,0,2000,281.3501933,458.2434318,28.3153479,30411
0,All sites excl. non-melanoma skin cancer,250,France (metropolitan),0,0,2001,285.512589,468.6730114,28.70380118,31389
0,All sites excl. non-melanoma skin cancer,250,France (metropolitan),0,0,2002,295.1157114,489.6877972,29.60993194,33101
0,All sites excl. non-melanoma skin cancer,250,France (metropolitan),0,0,2003,302.9846806,504.438484,30.40445117,34409
0,All sites excl. non-melanoma skin cancer,250,France (metropolitan),0,0,2004,316.2454888,536.9611398,31.60328942,36970
0,All sites excl. non-melanoma skin cancer,250,France (metropolitan),0,0,2005,314.647491,537.9053731,31.57724304,37387
0,All sites excl. non-melanoma skin cancer,250,France (metropolitan),0,0,2006,309.4957935,535.9347226,30.98921635,37580
0,All sites excl. non-melanoma skin cancer,250,France (metropolitan),0,0,2007,315.2093461,550.4486421,31.47206215,38902
0,All sites excl. non-melanoma skin cancer,250,France (metropolitan),0,0,2008,312.7676031,553.1369549,31.09470934,39376
0,All sites excl. non-melanoma skin cancer,250,France (metropolitan),0,0,2009,312.1609288,560.0456169,31.03988212,40161
0,All sites excl. non-melanoma skin cancer,250,France (metropolitan),0,0,2010,305.721338,553.733581,30.39194772,40011
0,All sites excl. non-melanoma skin cancer,250,France (metropolitan),0,0,2011,308.6987775,565.0529112,30.69525664,41144
0,All sites excl. non-melanoma skin cancer,250,France (metropolitan),0,0,2012,300.5009033,556.4616399,29.84332538,40830
0,All sites excl. non-melanoma skin cancer,250,France (metropolitan),0,0,2013,301.5440312,566.4522031,29.92965472,41870
0,All sites excl. non-melanoma skin cancer,250,France (metropolitan),0,0,2014,299.0043804,566.9482956,29.65068056,42196
0,All sites excl. non-melanoma skin cancer,250,France (metropolitan),0,0,2015,301.0747424,580.478036,30.00586193,43450
0,All sites excl. non-melanoma skin cancer,250,France (metropolitan),0,0,2016,307.5114431,601.0067611,30.70928256,45205
0,All sites excl. non-melanoma skin cancer,250,France (metropolitan),0,0,2017,298.8073375,593.4419847,29.88978144,44872
0,All sites excl. non-melanoma skin cancer,276,Germany,0,0,2003,302.9827407,604.7608877,30.26370407,37884
0,All sites excl. non-melanoma skin cancer,276,Germany,0,0,2004,301.0039956,606.4104469,29.71729785,37998
0,All sites excl. non-melanoma skin cancer,276,Germany,0,0,2005,295.354677,600.5375716,29.14292274,37654
0,All sites excl. non-melanoma skin cancer,276,Germany,0,0,2006,297.2213932,607.22111,29.17609908,38225
0,All sites excl. non-melanoma skin cancer,276,Germany,0,0,2007,299.7322957,617.0287643,29.61176985,38941
0,All sites excl. non-melanoma skin cancer,276,Germany,0,0,2008,310.4823633,644.1528923,30.55419063,40561
0,All sites excl. non-melanoma skin cancer,276,Germany,0,0,2009,308.8129694,651.1910219,30.56085067,40983
0,All sites excl. non-melanoma skin cancer,276,Germany,0,0,2010,303.3963571,646.1041007,30.14466772,40711
0,All sites excl. non-melanoma skin cancer,276,Germany,0,0,2011,303.4182989,657.436708,30.09100724,40955
0,All sites excl. non-melanoma skin cancer,276,Germany,0,0,2012,292.7809297,638.0990351,29.14731015,39773
0,All sites excl. non-melanoma skin cancer,276,Germany,0,0,2013,299.0511033,655.3302461,29.52311632,41031
0,All sites excl. non-melanoma skin cancer,276,Germany,0,0,2014,298.2666814,662.8533311,29.51459335,41696
0,All sites excl. non-melanoma skin cancer,276,Germany,0,0,2015,294.9609276,662.3727142,29.31931717,42069
0,All sites excl. non-melanoma skin cancer,276,Germany,0,0,2016,295.9511631,663.6615167,29.52538199,42590
0,All sites excl. non-melanoma skin cancer,276,Germany,0,0,2017,288.0696625,646.0431137,28.96233631,41698
0,All sites excl. non-melanoma skin cancer,352,Iceland,0,0,1955,188.0363387,196.1503904,19.28346702,310
0,All sites excl. non-melanoma skin cancer,352,Iceland,0,0,1956,171.7066483,180.3465629,17.42145179,291
0,All sites excl. non-melanoma skin cancer,352,Iceland,0,0,1957,182.0980131,190.781903,18.76096197,315
0,All sites excl. non-melanoma skin cancer,352,Iceland,0,0,1958,180.2572764,187.2381776,18.33263158,316
0,All sites excl. non-melanoma skin cancer,352,Iceland,0,0,1959,204.7379987,215.88746,20.6821918,372
0,All sites excl. non-melanoma skin cancer,352,Iceland,0,0,1960,183.9704452,195.6134814,18.04318786,344
0,All sites excl. non-melanoma skin cancer,352,Iceland,0,0,1961,184.877891,195.07887,18.39807417,349
0,All sites excl. non-melanoma skin cancer,352,Iceland,0,0,1962,184.942551,196.1021269,18.99529108,357
0,All sites excl. non-melanoma skin cancer,352,Iceland,0,0,1963,201.0810601,215.1210123,18.5419097,399
0,All sites excl. non-melanoma skin cancer,352,Iceland,0,0,1964,208.6362345,219.2274087,21.38069895,414
0,All sites excl. non-melanoma skin cancer,352,Iceland,0,0,1965,200.859441,214.7831107,19.86046912,413
0,All sites excl. non-melanoma skin cancer,352,Iceland,0,0,1966,212.4986325,228.0093658,21.15531024,446
0,All sites excl. non-melanoma skin cancer,352,Iceland,0,0,1967,209.0695226,221.975024,21.12047329,441
0,All sites excl. non-melanoma skin cancer,352,Iceland,0,0,1968,212.1612327,232.0658332,21.31711983,467
0,All sites excl. non-melanoma skin cancer,352,Iceland,0,0,1969,229.2688916,243.4492921,22.25383188,494
0,All sites excl. non-melanoma skin cancer,352,Iceland,0,0,1970,209.2661545,227.3361979,20.96449182,464
0,All sites excl. non-melanoma skin cancer,352,Iceland,0,0,1971,220.4890353,245.0397644,21.2715547,505
0,All sites excl. non-melanoma skin cancer,352,Iceland,0,0,1972,200.1266066,226.023797,19.94086711,473
0,All sites excl. non-melanoma skin cancer,352,Iceland,0,0,1973,205.6059988,226.9719958,21.64857296,482
0,All sites excl. non-melanoma skin cancer,352,Iceland,0,0,1974,218.7192669,246.1452722,22.27753071,530
0,All sites excl. non-melanoma skin cancer,352,Iceland,0,0,1975,228.0155357,258.2260831,22.54713901,563
0,All sites excl. non-melanoma skin cancer,352,Iceland,0,0,1976,219.1619624,253.036897,21.82589932,557
0,All sites excl. non-melanoma skin cancer,352,Iceland,0,0,1977,203.9494094,241.1898096,20.25911239,535
0,All sites excl. non-melanoma skin cancer,352,Iceland,0,0,1978,220.9865719,261.6548214,21.82805135,585
0,All sites excl. non-melanoma skin cancer,352,Iceland,0,0,1979,232.8064142,281.741303,23.14648856,636
0,All sites excl. non-melanoma skin cancer,352,Iceland,0,0,1980,225.6845528,277.4441824,22.52567488,633
0,All sites excl. non-melanoma skin cancer,352,Iceland,0,0,1981,244.5532777,299.8357836,23.41904012,692
0,All sites excl. non-melanoma skin cancer,352,Iceland,0,0,1982,242.7818566,294.0346858,24.37300707,688
0,All sites excl. non-melanoma skin cancer,352,Iceland,0,0,1983,252.8245853,311.7709348,25.26377966,739
0,All sites excl. non-melanoma skin cancer,352,Iceland,0,0,1984,238.7593757,291.0448384,23.55634067,697
0,All sites excl. non-melanoma skin cancer,352,Iceland,0,0,1985,252.5480625,312.3653598,25.86662139,754
0,All sites excl. non-melanoma skin cancer,352,Iceland,0,0,1986,253.2168028,317.033455,24.87065705,771
0,All sites excl. non-melanoma skin cancer,352,Iceland,0,0,1987,260.0502728,331.7787979,25.05873107,816
0,All sites excl. non-melanoma skin cancer,352,Iceland,0,0,1988,261.9387721,330.9721055,25.0450899,827
0,All sites excl. non-melanoma skin cancer,352,Iceland,0,0,1989,269.1911699,342.715127,26.60532974,866
0,All sites excl. non-melanoma skin cancer,352,Iceland,0,0,1990,255.9852148,326.5716259,25.43563979,832
0,All sites excl. non-melanoma skin cancer,352,Iceland,0,0,1991,241.1493924,315.967403,24.38444063,815
0,All sites excl. non-melanoma skin cancer,352,Iceland,0,0,1992,257.8850551,332.0922964,25.80339563,867
0,All sites excl. non-melanoma skin cancer,352,Iceland,0,0,1993,242.6505517,316.3200674,23.83057709,834
0,All sites excl. non-melanoma skin cancer,352,Iceland,0,0,1994,270.1933895,354.9125689,26.17993102,944
0,All sites excl. non-melanoma skin cancer,352,Iceland,0,0,1995,283.8086045,385.2584411,28.23068066,1030
0,All sites excl. non-melanoma skin cancer,352,Iceland,0,0,1996,261.6859133,353.6604414,25.83326556,951
0,All sites excl. non-melanoma skin cancer,352,Iceland,0,0,1997,286.1716722,389.8203725,27.55780945,1056
0,All sites excl. non-melanoma skin cancer,352,Iceland,0,0,1998,278.3103942,377.3198964,26.80137941,1033
0,All sites excl. non-melanoma skin cancer,352,Iceland,0,0,1999,280.0021178,385.6922255,27.89588626,1069
0,All sites excl. non-melanoma skin cancer,352,Iceland,0,0,2000,285.7217613,387.0109452,28.32699678,1088
0,All sites excl. non-melanoma skin cancer,352,Iceland,0,0,2001,290.990417,402.0699939,28.38382058,1146
0,All sites excl. non-melanoma skin cancer,352,Iceland,0,0,2002,267.5485973,382.5674449,27.20549465,1100
0,All sites excl. non-melanoma skin cancer,352,Iceland,0,0,2003,280.0452298,398.2768992,28.24844693,1152
0,All sites excl. non-melanoma skin cancer,352,Iceland,0,0,2004,312.2229353,447.775989,31.00636027,1310
0,All sites excl. non-melanoma skin cancer,352,Iceland,0,0,2005,288.9930778,416.4497657,28.87337108,1232
0,All sites excl. non-melanoma skin cancer,352,Iceland,0,0,2006,306.8172507,447.5846204,30.83121536,1362
0,All sites excl. non-melanoma skin cancer,352,Iceland,0,0,2007,291.0249676,424.2554654,29.58897237,1321
0,All sites excl. non-melanoma skin cancer,352,Iceland,0,0,2008,298.1332702,444.0658646,29.56995736,1418
0,All sites excl. non-melanoma skin cancer,352,Iceland,0,0,2009,297.0239156,442.3461891,29.48271815,1412
0,All sites excl. non-melanoma skin cancer,352,Iceland,0,0,2010,281.1756814,427.4068763,27.73008625,1359
0,All sites excl. non-melanoma skin cancer,352,Iceland,0,0,2011,292.6483283,453.3469609,28.78556698,1446
0,All sites excl. non-melanoma skin cancer,352,Iceland,0,0,2012,284.643239,447.2026445,29.37201906,1434
0,All sites excl. non-melanoma skin cancer,352,Iceland,0,0,2013,268.5440863,436.1807617,27.24346176,1412
0,All sites excl. non-melanoma skin cancer,352,Iceland,0,0,2014,269.7314859,435.020361,27.68089028,1424
0,All sites excl. non-melanoma skin cancer,352,Iceland,0,0,2015,279.2586591,463.4612361,27.88666876,1533
0,All sites excl. non-melanoma skin cancer,352,Iceland,0,0,2016,281.7662209,468.7080712,27.81506215,1572
0,All sites excl. non-melanoma skin cancer,352,Iceland,0,0,2017,276.3136478,448.515385,27.1401942,1540
0,All sites excl. non-melanoma skin cancer,352,Iceland,0,0,2018,262.1142576,441.4391426,26.24620974,1557
0,All sites excl. non-melanoma skin cancer,352,Iceland,0,0,2019,268.0537829,451.2500208,26.69219602,1627
0,All sites excl. non-melanoma skin cancer,352,Iceland,0,0,2020,261.8393417,455.1619127,26.15797246,1668
0,All sites excl. non-melanoma skin cancer,352,Iceland,0,0,2021,275.7840367,480.2284911,27.61617883,1789
0,All sites excl. non-melanoma skin cancer,352,Iceland,0,0,2022,277.0348859,480.088374,27.96631849,1834
0,All sites excl. non-melanoma skin cancer,372,Ireland,0,0,1994,252.857705,340.9146999,25.88021901,12225
0,All sites excl. non-melanoma skin cancer,372,Ireland,0,0,1995,244.1635866,331.3353747,24.59317968,11948
0,All sites excl. non-melanoma skin cancer,372,Ireland,0,0,1996,250.7186365,340.0635451,25.27643792,12331
0,All sites excl. non-melanoma skin cancer,372,Ireland,0,0,1997,252.9685787,347.5412717,25.14175509,12735
0,All sites excl. non-melanoma skin cancer,372,Ireland,0,0,1998,252.6176562,347.5213349,25.30015403,12869
0,All sites excl. non-melanoma skin cancer,372,Ireland,0,0,1999,253.7767594,351.8771279,25.42368643,13166
0,All sites excl. non-melanoma skin cancer,372,Ireland,0,0,2000,264.5053672,366.1925893,26.54503924,13877
0,All sites excl. non-melanoma skin cancer,372,Ireland,0,0,2001,267.8687179,370.6073875,26.75855942,14258
0,All sites excl. non-melanoma skin cancer,372,Ireland,0,0,2002,278.9978607,386.9342487,27.71870889,15157
0,All sites excl. non-melanoma skin cancer,372,Ireland,0,0,2003,276.7358354,383.5820067,27.47222917,15266
0,All sites excl. non-melanoma skin cancer,372,Ireland,0,0,2004,286.6949163,398.152076,28.61645211,16106
0,All sites excl. non-melanoma skin cancer,372,Ireland,0,0,2005,278.49277,387.8719031,28.10246395,16034
0,All sites excl. non-melanoma skin cancer,372,Ireland,0,0,2006,282.846217,391.6909544,28.32022922,16580
0,All sites excl. non-melanoma skin cancer,372,Ireland,0,0,2007,294.4208369,403.5337656,29.42018116,17658
0,All sites excl. non-melanoma skin cancer,372,Ireland,0,0,2008,299.4841403,413.0147356,29.47578025,18524
0,All sites excl. non-melanoma skin cancer,372,Ireland,0,0,2009,305.1419975,425.9942052,29.88744024,19312
0,All sites excl. non-melanoma skin cancer,372,Ireland,0,0,2010,307.1854022,435.8514373,30.42658214,19852
0,All sites excl. non-melanoma skin cancer,372,Ireland,0,0,2011,312.2200142,450.1530966,30.65627005,20594
0,All sites excl. non-melanoma skin cancer,372,Ireland,0,0,2012,308.4506752,451.9888883,30.50517755,20763
0,All sites excl. non-melanoma skin cancer,372,Ireland,0,0,2013,305.3907487,456.1974001,30.22098994,21052
0,All sites excl. non-melanoma skin cancer,372,Ireland,0,0,2014,305.2425941,464.9721017,30.15341176,21600
0,All sites excl. non-melanoma skin cancer,372,Ireland,0,0,2015,302.9650186,468.216666,29.9795268,21949
0,All sites excl. non-melanoma skin cancer,372,Ireland,0,0,2016,304.314881,478.3740052,29.66446351,22673
0,All sites excl. non-melanoma skin cancer,372,Ireland,0,0,2017,304.6529623,486.9911048,29.83578466,23339
0,All sites excl. non-melanoma skin cancer,380,Italy,0,0,2003,262.7057013,476.2346933,26.16373521,12309
0,All sites excl. non-melanoma skin cancer,380,Italy,0,0,2004,264.9680075,484.2610351,26.52761189,12579
0,All sites excl. non-melanoma skin cancer,380,Italy,0,0,2005,261.2794515,477.9551698,26.31448976,12482
0,All sites excl. non-melanoma skin cancer,380,Italy,0,0,2006,259.576507,482.977374,26.00899224,12664
0,All sites excl. non-melanoma skin cancer,380,Italy,0,0,2007,255.1620587,482.6656894,25.75364762,12723
0,All sites excl. non-melanoma skin cancer,380,Italy,0,0,2008,259.0190365,491.4948094,26.10146506,13034
0,All sites excl. non-melanoma skin cancer,380,Italy,0,0,2009,270.7906736,517.3378286,27.10116051,13798
0,All sites excl. non-melanoma skin cancer,380,Italy,0,0,2010,265.4461152,510.4255911,26.68027557,13673
0,All sites excl. non-melanoma skin cancer,380,Italy,0,0,2011,263.8348074,513.2006041,26.27067974,13779
0,All sites excl. non-melanoma skin cancer,380,Italy,0,0,2012,265.6714919,529.3616458,26.86344067,14234
0,All sites excl. non-melanoma skin cancer,380,Italy,0,0,2013,263.7910857,528.1418387,26.58475696,14268
0,All sites excl. non-melanoma skin cancer,380,Italy,0,0,2014,261.4572907,528.6285223,26.35966372,14358
0,All sites excl. non-melanoma skin cancer,380,Italy,0,0,2015,266.7039979,543.0800603,26.63972753,14765
0,All sites excl. non-melanoma skin cancer,380,Italy,0,0,2016,261.5986904,538.4756928,26.24871281,14632
0,All sites excl. non-melanoma skin cancer,380,Italy,0,0,2017,258.710569,542.0317684,25.93787903,14718
0,All sites excl. non-melanoma skin cancer,40,Austria,0,0,1998,268.2708177,458.9064597,26.72202516,36606
0,All sites excl. non-melanoma skin cancer,40,Austria,0,0,1999,260.9383329,448.6430291,26.21565304,35857
0,All sites excl. non-melanoma skin cancer,40,Austria,0,0,2000,270.8817501,468.9595018,27.28525669,37571
0,All sites excl. non-melanoma skin cancer,40,Austria,0,0,2001,267.7421722,466.2351894,26.92642693,37496
0,All sites excl. non-melanoma skin cancer,40,Austria,0,0,2002,266.0430659,466.2018794,26.82556263,37679
0,All sites excl. non-melanoma skin cancer,40,Austria,0,0,2003,269.9309835,476.5931553,27.09809814,38691
0,All sites excl. non-melanoma skin cancer,40,Austria,0,0,2004,271.2961168,480.4367888,27.20008619,39249
0,All sites excl. non-melanoma skin cancer,40,Austria,0,0,2005,260.7469021,465.370289,26.29251662,38278
0,All sites excl. non-melanoma skin cancer,40,Austria,0,0,2006,265.4723694,477.1195948,26.66941694,39448
0,All sites excl. non-melanoma skin cancer,40,Austria,0,0,2007,261.8392931,477.8914621,26.34650143,39642
0,All sites excl. non-melanoma skin cancer,40,Austria,0,0,2008,257.0239469,473.8665591,25.89958664,39433
0,All sites excl. non-melanoma skin cancer,40,Austria,0,0,2009,251.7866496,469.4009447,25.5041484,39155
0,All sites excl. non-melanoma skin cancer,40,Austria,0,0,2010,252.7208901,474.4847818,25.41813351,39672
0,All sites excl. non-melanoma skin cancer,40,Austria,0,0,2011,250.3937526,474.6240523,25.3342919,39814
0,All sites excl. non-melanoma skin cancer,40,Austria,0,0,2012,250.9095091,479.0945884,25.41986162,40370
0,All sites excl. non-melanoma skin cancer,40,Austria,0,0,2013,245.4107757,471.4157809,24.90923038,39963
0,All sites excl. non-melanoma skin cancer,40,Austria,0,0,2014,247.9686119,481.956083,25.24239656,41178
0,All sites excl. non-melanoma skin cancer,40,Austria,0,0,2015,246.7733876,481.4289186,25.0982814,41545
0,All sites excl. non-melanoma skin cancer,40,Austria,0,0,2016,244.8718925,482.4248959,25.16424237,42163
0,All sites excl. non-melanoma skin cancer,40,Austria,0,0,2017,239.9690383,480.075606,24.59911065,42223
0,All sites excl. non-melanoma skin cancer,428,Latvia,0,0,1983,157.9162705,221.8861699,17.16332576,5649
0,All sites excl. non-melanoma skin cancer,428,Latvia,0,0,1984,165.3279055,234.4262295,18.09594601,6006
0,All sites excl. non-melanoma skin cancer,428,Latvia,0,0,1985,170.6055032,240.5102555,18.4126804,6203
0,All sites excl. non-melanoma skin cancer,428,Latvia,0,0,1986,167.2651181,237.0971464,18.25249368,6165
0,All sites excl. non-melanoma skin cancer,428,Latvia,0,0,1987,180.2400675,255.2924155,19.56044028,6705
0,All sites excl. non-melanoma skin cancer,428,Latvia,0,0,1988,176.5296851,252.21389,19.0395363,6693
0,All sites excl. non-melanoma skin cancer,428,Latvia,0,0,1989,170.0812018,243.4264739,18.46998138,6499
0,All sites excl. non-melanoma skin cancer,428,Latvia,0,0,1990,180.8586509,259.9415862,19.17575242,6942
0,All sites excl. non-melanoma skin cancer,428,Latvia,0,0,1991,179.6395212,258.5164319,19.31397392,6883
0,All sites excl. non-melanoma skin cancer,428,Latvia,0,0,1992,188.0067247,273.131436,20.2723237,7188
0,All sites excl. non-melanoma skin cancer,428,Latvia,0,0,1993,177.4691455,261.3588028,19.15244063,6759
0,All sites excl. non-melanoma skin cancer,428,Latvia,0,0,1994,188.2187362,279.8602661,20.04715874,7130
0,All sites excl. non-melanoma skin cancer,428,Latvia,0,0,1995,192.5708654,291.6368551,20.48573823,7337
0,All sites excl. non-melanoma skin cancer,428,Latvia,0,0,1996,197.5067579,303.7298751,21.17750186,7565
0,All sites excl. non-melanoma skin cancer,428,Latvia,0,0,1997,197.4621416,309.8198016,21.11280685,7651
0,All sites excl. non-melanoma skin cancer,428,Latvia,0,0,1998,211.2083186,334.7080441,22.11388439,8197
0,All sites excl. non-melanoma skin cancer,428,Latvia,0,0,1999,209.2461038,336.8970764,22.19523553,8193
0,All sites excl. non-melanoma skin cancer,428,Latvia,0,0,2000,202.933151,336.7467341,21.7596834,7991
0,All sites excl. non-melanoma skin cancer,428,Latvia,0,0,2001,207.0482736,344.7117657,22.03749282,8118
0,All sites excl. non-melanoma skin cancer,428,Latvia,0,0,2002,211.1617366,356.1923593,22.19499669,8330
0,All sites excl. non-melanoma skin cancer,428,Latvia,0,0,2003,207.7195741,358.441898,22.21187819,8335
0,All sites excl. non-melanoma skin cancer,428,Latvia,0,0,2004,224.0279393,393.0268646,23.84438553,9090
0,All sites excl. non-melanoma skin cancer,428,Latvia,0,0,2005,222.2389251,393.9992489,23.61315366,9064
0,All sites excl. non-melanoma skin cancer,428,Latvia,0,0,2006,230.3030196,406.8274279,24.29452624,9308
0,All sites excl. non-melanoma skin cancer,428,Latvia,0,0,2007,231.040796,413.4264751,24.30528306,9410
0,All sites excl. non-melanoma skin cancer,428,Latvia,0,0,2008,220.2627575,395.7029144,23.17907271,8967
0,All sites excl. non-melanoma skin cancer,428,Latvia,0,0,2009,229.9471967,411.9150235,24.21826209,9288
0,All sites excl. non-melanoma skin cancer,428,Latvia,0,0,2010,241.6284774,443.812617,25.0061454,9937
0,All sites excl. non-melanoma skin cancer,428,Latvia,0,0,2011,260.0894155,496.0894961,26.51522176,10218
0,All sites excl. non-melanoma skin cancer,428,Latvia,0,0,2012,253.5763419,490.2869216,26.05007486,9974
0,All sites excl. non-melanoma skin cancer,428,Latvia,0,0,2013,258.7826763,502.4726144,26.51693869,10113
0,All sites excl. non-melanoma skin cancer,428,Latvia,0,0,2014,259.8106171,514.0983317,26.79187726,10250
0,All sites excl. non-melanoma skin cancer,428,Latvia,0,0,2015,258.9177234,516.554262,26.71780725,10215
0,All sites excl. non-melanoma skin cancer,428,Latvia,0,0,2016,256.8059492,515.0196194,26.2500614,10092
0,All sites excl. non-melanoma skin cancer,428,Latvia,0,0,2017,264.7964478,534.0688343,27.31159472,10373
0,All sites excl. non-melanoma skin cancer,440,Lithuania,0,0,1988,180.2022693,237.4493594,19.27396656,8678
0,All sites excl. non-melanoma skin cancer,440,Lithuania,0,0,1989,167.5366003,221.8849516,17.80604678,8187
0,All sites excl. non-melanoma skin cancer,440,Lithuania,0,0,1990,179.3814441,238.6569841,19.39213571,8850
0,All sites excl. non-melanoma skin cancer,440,Lithuania,0,0,1991,185.0307459,246.2750728,20.04199857,9215
0,All sites excl. non-melanoma skin cancer,440,Lithuania,0,0,1992,187.0779169,249.9952561,20.57766496,9354
0,All sites excl. non-melanoma skin cancer,440,Lithuania,0,0,1993,213.5006073,287.5425868,22.97682632,10744
0,All sites excl. non-melanoma skin cancer,440,Lithuania,0,0,1994,208.9279308,287.0027818,21.9693737,10670
0,All sites excl. non-melanoma skin cancer,440,Lithuania,0,0,1995,211.7989465,295.1354511,22.0712381,10955
0,All sites excl. non-melanoma skin cancer,440,Lithuania,0,0,1996,218.9932447,309.5047412,22.92858255,11474
0,All sites excl. non-melanoma skin cancer,440,Lithuania,0,0,1997,219.5578054,316.0400447,22.82422428,11706
0,All sites excl. non-melanoma skin cancer,440,Lithuania,0,0,1998,226.5810106,336.005752,23.48970256,11926
0,All sites excl. non-melanoma skin cancer,440,Lithuania,0,0,1999,234.7051901,353.7771987,23.90716374,12468
0,All sites excl. non-melanoma skin cancer,440,Lithuania,0,0,2000,229.5025378,352.188541,23.67437303,12325
0,All sites excl. non-melanoma skin cancer,440,Lithuania,0,0,2001,236.7420558,368.5691068,24.3062273,12831
0,All sites excl. non-melanoma skin cancer,440,Lithuania,0,0,2002,238.9977912,380.1883502,24.74269748,13189
0,All sites excl. non-melanoma skin cancer,440,Lithuania,0,0,2003,253.6101157,408.1981237,25.92441226,14100
0,All sites excl. non-melanoma skin cancer,440,Lithuania,0,0,2004,253.590429,414.9795479,26.01105485,14257
0,All sites excl. non-melanoma skin cancer,440,Lithuania,0,0,2005,248.905954,413.6128476,25.53880077,14122
0,All sites excl. non-melanoma skin cancer,440,Lithuania,0,0,2006,273.8143268,454.821068,28.5432485,15437
0,All sites excl. non-melanoma skin cancer,440,Lithuania,0,0,2007,285.7870268,480.2083648,29.64688122,16210
0,All sites excl. non-melanoma skin cancer,440,Lithuania,0,0,2008,292.3846214,493.1339436,29.7621827,16560
0,All sites excl. non-melanoma skin cancer,440,Lithuania,0,0,2009,279.3676233,475.5266952,28.74674588,15880
0,All sites excl. non-melanoma skin cancer,440,Lithuania,0,0,2010,274.2483023,476.1745395,27.89544926,15651
0,All sites excl. non-melanoma skin cancer,440,Lithuania,0,0,2011,281.5696791,521.116272,28.81028388,15780
0,All sites excl. non-melanoma skin cancer,440,Lithuania,0,0,2012,280.4921442,529.7256518,28.6221966,15827
0,All sites excl. non-melanoma skin cancer,440,Lithuania,0,0,2013,283.2630078,535.2827833,29.04784002,15832
0,All sites excl. non-melanoma skin cancer,440,Lithuania,0,0,2014,285.4831217,546.8619719,29.2890486,16036
0,All sites excl. non-melanoma skin cancer,440,Lithuania,0,0,2015,284.5241447,551.3768069,29.22626465,16017
0,All sites excl. non-melanoma skin cancer,440,Lithuania,0,0,2016,279.3482696,547.7592286,28.55557918,15711
0,All sites excl. non-melanoma skin cancer,440,Lithuania,0,0,2017,270.1190044,541.0120128,27.51488203,15302
0,All sites excl. non-melanoma skin cancer,470,Malta,0,0,1993,209.9264444,280.2341683,21.64695883,1022
0,All sites excl. non-melanoma skin cancer,470,Malta,0,0,1994,227.5286363,307.0802376,22.89050979,1130
0,All sites excl. non-melanoma skin cancer,470,Malta,0,0,1995,223.635282,309.0423194,22.58574767,1146
0,All sites excl. non-melanoma skin cancer,470,Malta,0,0,1996,210.82395,298.8643156,21.79144611,1115
0,All sites excl. non-melanoma skin cancer,470,Malta,0,0,1997,222.521057,324.2972449,21.96939631,1217
0,All sites excl. non-melanoma skin cancer,470,Malta,0,0,1998,221.6527108,324.4577582,22.08490233,1225
0,All sites excl. non-melanoma skin cancer,470,Malta,0,0,1999,227.9427371,336.5426362,23.57096036,1279
0,All sites excl. non-melanoma skin cancer,470,Malta,0,0,2000,214.4778857,324.5910494,21.924417,1238
0,All sites excl. non-melanoma skin cancer,470,Malta,0,0,2001,213.8727318,325.6392578,21.97049043,1280
0,All sites excl. non-melanoma skin cancer,470,Malta,0,0,2002,218.8343716,331.8047756,22.60205505,1314
0,All sites excl. non-melanoma skin cancer,470,Malta,0,0,2003,209.125998,327.8721424,21.4544394,1307
0,All sites excl. non-melanoma skin cancer,470,Malta,0,0,2004,212.9131535,340.3843902,21.64974373,1366
0,All sites excl. non-melanoma skin cancer,470,Malta,0,0,2005,226.7862,375.7041355,22.51905134,1516
0,All sites excl. non-melanoma skin cancer,470,Malta,0,0,2006,221.4368999,380.3637813,22.3963485,1546
0,All sites excl. non-melanoma skin cancer,470,Malta,0,0,2007,214.5521754,370.3323458,21.69015706,1515
0,All sites excl. non-melanoma skin cancer,470,Malta,0,0,2008,229.4658478,410.9213327,22.71406199,1693
0,All sites excl. non-melanoma skin cancer,470,Malta,0,0,2009,239.4197131,429.2363844,24.24692307,1777
0,All sites excl. non-melanoma skin cancer,470,Malta,0,0,2010,252.4385681,456.7362588,25.46937318,1900
0,All sites excl. non-melanoma skin cancer,470,Malta,0,0,2011,250.1623665,473.1192073,25.07538401,1974
0,All sites excl. non-melanoma skin cancer,470,Malta,0,0,2012,230.7942411,442.6624586,23.02020476,1857
0,All sites excl. non-melanoma skin cancer,470,Malta,0,0,2013,246.7271281,480.2602701,24.24429662,2046
0,All sites excl. non-melanoma skin cancer,470,Malta,0,0,2014,244.0610152,479.7448724,24.53148966,2085
0,All sites excl. non-melanoma skin cancer,470,Malta,0,0,2015,261.9168475,512.2386853,25.79535053,2280
0,All sites excl. non-melanoma skin cancer,470,Malta,0,0,2016,257.7573565,510.9681386,26.11071586,2327
0,All sites excl. non-melanoma skin cancer,470,Malta,0,0,2017,229.140177,452.9372554,22.838464,2120
0,All sites excl. non-melanoma skin cancer,528,The Netherlands,0,0,1989,249.2492935,369.3141535,25.38996829,54825
0,All sites excl. non-melanoma skin cancer,528,The Netherlands,0,0,1990,251.2142894,374.5343833,25.56183933,56153
0,All sites excl. non-melanoma skin cancer,528,The Netherlands,0,0,1991,253.7345584,380.0658205,25.83899925,57603
0,All sites excl. non-melanoma skin cancer,528,The Netherlands,0,0,1992,262.9754013,396.9453957,26.5384179,60435
0,All sites excl. non-melanoma skin cancer,528,The Netherlands,0,0,1993,261.6230912,398.0351279,26.42283225,60861
0,All sites excl. non-melanoma skin cancer,528,The Netherlands,0,0,1994,267.0496607,410.7827781,26.96308955,63190
0,All sites excl. non-melanoma skin cancer,528,The Netherlands,0,0,1995,265.4185155,410.8352451,26.78633801,63511
0,All sites excl. non-melanoma skin cancer,528,The Netherlands,0,0,1996,268.8024381,418.0808742,27.16173803,64930
0,All sites excl. non-melanoma skin cancer,528,The Netherlands,0,0,1997,266.5682364,417.907327,27.00986083,65238
0,All sites excl. non-melanoma skin cancer,528,The Netherlands,0,0,1998,267.0565144,421.9148713,27.02091219,66271
0,All sites excl. non-melanoma skin cancer,528,The Netherlands,0,0,1999,269.7058629,429.3174135,27.44751357,67884
0,All sites excl. non-melanoma skin cancer,528,The Netherlands,0,0,2000,270.1478347,431.4526746,27.51244158,68711
0,All sites excl. non-melanoma skin cancer,528,The Netherlands,0,0,2001,271.3028524,435.9919181,27.52607976,69960
0,All sites excl. non-melanoma skin cancer,528,The Netherlands,0,0,2002,274.0747945,444.2464264,27.73627552,71741
0,All sites excl. non-melanoma skin cancer,528,The Netherlands,0,0,2003,279.5141261,458.3338161,28.21447974,74366
0,All sites excl. non-melanoma skin cancer,528,The Netherlands,0,0,2004,289.5582543,480.5312346,29.16777658,78239
0,All sites excl. non-melanoma skin cancer,528,The Netherlands,0,0,2005,287.2527079,483.3681467,28.94667367,78885
0,All sites excl. non-melanoma skin cancer,528,The Netherlands,0,0,2006,291.1409476,497.1097672,29.17929352,81258
0,All sites excl. non-melanoma skin cancer,528,The Netherlands,0,0,2007,294.9309818,511.8033667,29.56163285,83842
0,All sites excl. non-melanoma skin cancer,528,The Netherlands,0,0,2008,299.9415606,528.3972958,29.9409746,86898
0,All sites excl. non-melanoma skin cancer,528,The Netherlands,0,0,2009,300.0676021,536.9144569,29.89100203,88754
0,All sites excl. non-melanoma skin cancer,528,The Netherlands,0,0,2010,302.0900907,549.0694317,30.06075881,91230
0,All sites excl. non-melanoma skin cancer,528,The Netherlands,0,0,2011,309.3996904,568.2839632,30.71372859,94864
0,All sites excl. non-melanoma skin cancer,528,The Netherlands,0,0,2012,302.2347687,564.5734207,30.26199448,94594
0,All sites excl. non-melanoma skin cancer,528,The Netherlands,0,0,2013,308.4064234,582.9121148,30.75254407,97955
0,All sites excl. non-melanoma skin cancer,528,The Netherlands,0,0,2014,313.4315718,595.2413186,31.14593625,100027
0,All sites excl. non-melanoma skin cancer,528,The Netherlands,0,0,2015,312.7749799,608.8395519,31.24090716,103137
0,All sites excl. non-melanoma skin cancer,528,The Netherlands,0,0,2016,314.6078501,620.1877392,31.49098999,105620
0,All sites excl. non-melanoma skin cancer,528,The Netherlands,0,0,2017,307.1810284,616.6052567,30.75628024,105646
0,All sites excl. non-melanoma skin cancer,578,Norway,0,0,1953,155.1684198,202.3274801,16.03229967,6800
0,All sites excl. non-melanoma skin cancer,578,Norway,0,0,1954,157.1672736,206.3197541,16.50076421,7003
0,All sites excl. non-melanoma skin cancer,578,Norway,0,0,1955,163.0280561,217.8694676,16.64577362,7469
0,All sites excl. non-melanoma skin cancer,578,Norway,0,0,1956,160.9650764,216.685162,16.62769259,7499
0,All sites excl. non-melanoma skin cancer,578,Norway,0,0,1957,161.0544784,219.6488025,16.42919596,7670
0,All sites excl. non-melanoma skin cancer,578,Norway,0,0,1958,165.5149627,227.9595463,16.98589654,8031
0,All sites excl. non-melanoma skin cancer,578,Norway,0,0,1959,166.1618917,230.3781692,17.0402369,8185
0,All sites excl. non-melanoma skin cancer,578,Norway,0,0,1960,167.8353484,234.4998477,17.12438239,8398
0,All sites excl. non-melanoma skin cancer,578,Norway,0,0,1961,168.2381346,237.1876558,17.34830372,8562
0,All sites excl. non-melanoma skin cancer,578,Norway,0,0,1962,166.0665733,236.6912688,16.9101811,8613
0,All sites excl. non-melanoma skin cancer,578,Norway,0,0,1963,169.0349021,243.0358674,17.2666864,8911
0,All sites excl. non-melanoma skin cancer,578,Norway,0,0,1964,176.4911909,255.3095771,18.05701188,9432
0,All sites excl. non-melanoma skin cancer,578,Norway,0,0,1965,175.8707948,257.1734954,17.91157483,9575
0,All sites excl. non-melanoma skin cancer,578,Norway,0,0,1966,173.0858861,255.7679006,17.68290233,9599
0,All sites excl. non-melanoma skin cancer,578,Norway,0,0,1967,182.0808935,270.0383329,18.66079197,10222
0,All sites excl. non-melanoma skin cancer,578,Norway,0,0,1968,188.2631889,281.5933302,19.29704481,10754
0,All sites excl. non-melanoma skin cancer,578,Norway,0,0,1969,184.2341953,276.5791642,18.4668821,10651
0,All sites excl. non-melanoma skin cancer,578,Norway,0,0,1970,190.3209885,288.3643403,19.21615636,11181
0,All sites excl. non-melanoma skin cancer,578,Norway,0,0,1971,188.2527144,286.827777,19.11254829,11195
0,All sites excl. non-melanoma skin cancer,578,Norway,0,0,1972,194.6848104,294.7365423,19.75207797,11592
0,All sites excl. non-melanoma skin cancer,578,Norway,0,0,1973,189.4263828,290.232887,19.31237794,11495
0,All sites excl. non-melanoma skin cancer,578,Norway,0,0,1974,201.1942846,309.8419224,20.42761148,12348
0,All sites excl. non-melanoma skin cancer,578,Norway,0,0,1975,206.2023009,322.2358321,20.68435497,12913
0,All sites excl. non-melanoma skin cancer,578,Norway,0,0,1976,210.8705823,330.4893023,21.20792991,13306
0,All sites excl. non-melanoma skin cancer,578,Norway,0,0,1977,213.7550097,337.9002549,21.24761639,13662
0,All sites excl. non-melanoma skin cancer,578,Norway,0,0,1978,214.4817432,344.9651376,21.50142894,14001
0,All sites excl. non-melanoma skin cancer,578,Norway,0,0,1979,214.0184898,345.1182647,21.24486787,14055
0,All sites excl. non-melanoma skin cancer,578,Norway,0,0,1980,220.1934097,356.9348104,22.01085698,14583
0,All sites excl. non-melanoma skin cancer,578,Norway,0,0,1981,219.1948948,358.9285708,22.10017729,14715
0,All sites excl. non-melanoma skin cancer,578,Norway,0,0,1982,225.8598109,372.1699325,22.61413155,15314
0,All sites excl. non-melanoma skin cancer,578,Norway,0,0,1983,228.8487248,379.4418801,22.76336826,15665
0,All sites excl. non-melanoma skin cancer,578,Norway,0,0,1984,226.5648205,383.1309348,22.57907876,15862
0,All sites excl. non-melanoma skin cancer,578,Norway,0,0,1985,229.6227292,387.6685845,22.95680021,16098
0,All sites excl. non-melanoma skin cancer,578,Norway,0,0,1986,233.6356675,396.1027179,23.18210224,16504
0,All sites excl. non-melanoma skin cancer,578,Norway,0,0,1987,227.7026411,385.5335689,22.83298776,16139
0,All sites excl. non-melanoma skin cancer,578,Norway,0,0,1988,232.1726801,392.8507203,23.12071786,16537
0,All sites excl. non-melanoma skin cancer,578,Norway,0,0,1989,237.6965686,406.680923,23.65080758,17190
0,All sites excl. non-melanoma skin cancer,578,Norway,0,0,1990,241.4953998,413.7949245,24.08177302,17551
0,All sites excl. non-melanoma skin cancer,578,Norway,0,0,1991,243.9679461,414.8078762,24.33604339,17678
0,All sites excl. non-melanoma skin cancer,578,Norway,0,0,1992,252.4948106,430.8976728,25.18955497,18470
0,All sites excl. non-melanoma skin cancer,578,Norway,0,0,1993,255.8094927,436.4518094,25.51517744,18817
0,All sites excl. non-melanoma skin cancer,578,Norway,0,0,1994,255.8757056,436.9586882,25.44155121,18946
0,All sites excl. non-melanoma skin cancer,578,Norway,0,0,1995,259.3877947,444.851318,25.65287211,19391
0,All sites excl. non-melanoma skin cancer,578,Norway,0,0,1996,268.5508245,453.7759541,26.66164029,19881
0,All sites excl. non-melanoma skin cancer,578,Norway,0,0,1997,275.4932239,461.7316093,27.40188324,20340
0,All sites excl. non-melanoma skin cancer,578,Norway,0,0,1998,272.5241423,465.399245,26.91472755,20624
0,All sites excl. non-melanoma skin cancer,578,Norway,0,0,1999,275.2626983,463.8145118,27.46420313,20695
0,All sites excl. non-melanoma skin cancer,578,Norway,0,0,2000,280.4479134,474.9534426,27.79262628,21330
0,All sites excl. non-melanoma skin cancer,578,Norway,0,0,2001,281.9025127,478.6927768,28.1335706,21607
0,All sites excl. non-melanoma skin cancer,578,Norway,0,0,2002,284.0091944,481.5609149,28.13574498,21854
0,All sites excl. non-melanoma skin cancer,578,Norway,0,0,2003,292.9311324,500.147376,29.0618457,22831
0,All sites excl. non-melanoma skin cancer,578,Norway,0,0,2004,303.6910581,520.3281423,29.87732543,23893
0,All sites excl. non-melanoma skin cancer,578,Norway,0,0,2005,299.1886056,517.7913309,29.52732527,23939
0,All sites excl. non-melanoma skin cancer,578,Norway,0,0,2006,303.537124,523.5720608,29.99100868,24402
0,All sites excl. non-melanoma skin cancer,578,Norway,0,0,2007,311.2605124,537.9524235,30.78470857,25333
0,All sites excl. non-melanoma skin cancer,578,Norway,0,0,2008,309.5944425,538.0633808,30.54389533,25656
0,All sites excl. non-melanoma skin cancer,578,Norway,0,0,2009,312.4083583,543.4353226,30.94803598,26241
0,All sites excl. non-melanoma skin cancer,578,Norway,0,0,2010,311.2183472,547.0980019,30.64309837,26749
0,All sites excl. non-melanoma skin cancer,578,Norway,0,0,2011,323.7143772,569.3620393,31.77045907,28201
0,All sites excl. non-melanoma skin cancer,578,Norway,0,0,2012,321.4060177,567.7710146,31.43693109,28494
0,All sites excl. non-melanoma skin cancer,578,Norway,0,0,2013,319.6772166,569.9814307,31.34982395,28956
0,All sites excl. non-melanoma skin cancer,578,Norway,0,0,2014,326.3275872,586.4022646,31.89199697,30126
0,All sites excl. non-melanoma skin cancer,578,Norway,0,0,2015,332.0982646,604.5981483,32.35981284,31378
0,All sites excl. non-melanoma skin cancer,578,Norway,0,0,2016,329.913115,608.0611503,32.13724184,31839
0,All sites excl. non-melanoma skin cancer,578,Norway,0,0,2017,322.0249305,601.4060728,31.3302304,31736
0,All sites excl. non-melanoma skin cancer,578,Norway,0,0,2018,320.8529563,606.2032813,31.21645474,32201
0,All sites excl. non-melanoma skin cancer,578,Norway,0,0,2019,320.6125304,612.0163892,31.11288945,32730
0,All sites excl. non-melanoma skin cancer,578,Norway,0,0,2020,312.9754709,611.3050633,30.40378506,32885
0,All sites excl. non-melanoma skin cancer,578,Norway,0,0,2021,319.8451921,634.966185,30.88283072,34341
0,All sites excl. non-melanoma skin cancer,578,Norway,0,0,2022,324.4733205,650.9469177,31.20838853,35523
0,All sites excl. non-melanoma skin cancer,616,Poland,0,0,1999,233.6653705,342.7895539,24.32469093,4579
0,All sites excl. non-melanoma skin cancer,616,Poland,0,0,2000,244.364408,360.7117766,25.2107019,4816
0,All sites excl. non-melanoma skin cancer,616,Poland,0,0,2001,230.961056,345.0884561,24.04551489,4598
0,All sites excl. non-melanoma skin cancer,616,Poland,0,0,2002,236.0109306,367.8249483,24.3172813,4812
0,All sites excl. non-melanoma skin cancer,616,Poland,0,0,2003,220.0293162,343.6415571,22.93894366,4479
0,All sites excl. non-melanoma skin cancer,616,Poland,0,0,2004,213.3483219,343.5453324,22.35241194,4466
0,All sites excl. non-melanoma skin cancer,616,Poland,0,0,2005,214.7776394,348.060349,22.73504228,4509
0,All sites excl. non-melanoma skin cancer,616,Poland,0,0,2006,212.0309942,342.8227731,22.38873634,4423
0,All sites excl. non-melanoma skin cancer,616,Poland,0,0,2007,208.3136186,340.5179826,22.03148209,4376
0,All sites excl. non-melanoma skin cancer,616,Poland,0,0,2008,206.9259986,347.8115587,22.04388467,4455
0,All sites excl. non-melanoma skin cancer,616,Poland,0,0,2009,218.4239477,373.630777,22.90607055,4774
0,All sites excl. non-melanoma skin cancer,616,Poland,0,0,2010,211.3915216,368.3054912,22.33384693,4732
0,All sites excl. non-melanoma skin cancer,616,Poland,0,0,2011,214.8401372,376.4479066,22.58002279,4819
0,All sites excl. non-melanoma skin cancer,616,Poland,0,0,2012,214.963018,381.415762,22.95320006,4865
0,All sites excl. non-melanoma skin cancer,616,Poland,0,0,2013,212.6868533,391.3300253,22.78223654,4963
0,All sites excl. non-melanoma skin cancer,616,Poland,0,0,2014,214.882408,403.6650475,22.79925534,5099
0,All sites excl. non-melanoma skin cancer,616,Poland,0,0,2015,222.9196601,421.1810729,23.77764024,5295
0,All sites excl. non-melanoma skin cancer,616,Poland,0,0,2016,229.2209805,442.9723043,23.96886737,5550
0,All sites excl. non-melanoma skin cancer,616,Poland,0,0,2017,220.616718,434.4682993,23.62644407,5421
0,All sites excl. non-melanoma skin cancer,705,Slovenia,0,0,1983,200.9401064,256.8366436,20.91837687,4859
0,All sites excl. non-melanoma skin cancer,705,Slovenia,0,0,1984,210.5112079,266.6153592,21.54105347,5044
0,All sites excl. non-melanoma skin cancer,705,Slovenia,0,0,1985,212.8743073,268.3596707,21.57880387,5077
0,All sites excl. non-melanoma skin cancer,705,Slovenia,0,0,1986,204.568651,272.5681534,21.14394196,5399
0,All sites excl. non-melanoma skin cancer,705,Slovenia,0,0,1987,205.3028631,271.2291062,21.23094654,5396
0,All sites excl. non-melanoma skin cancer,705,Slovenia,0,0,1988,204.5517737,274.501647,21.22089959,5490
0,All sites excl. non-melanoma skin cancer,705,Slovenia,0,0,1989,213.0557932,290.8879974,21.88883304,5807
0,All sites excl. non-melanoma skin cancer,705,Slovenia,0,0,1990,215.5900628,294.4310344,22.24287744,5883
0,All sites excl. non-melanoma skin cancer,705,Slovenia,0,0,1991,219.8057977,304.2453466,22.60726078,6090
0,All sites excl. non-melanoma skin cancer,705,Slovenia,0,0,1992,230.0924369,324.2256863,23.27666692,6471
0,All sites excl. non-melanoma skin cancer,705,Slovenia,0,0,1993,231.8392836,332.006613,23.48094898,6609
0,All sites excl. non-melanoma skin cancer,705,Slovenia,0,0,1994,231.5599238,335.2691254,23.42091418,6668
0,All sites excl. non-melanoma skin cancer,705,Slovenia,0,0,1995,239.9967275,350.1877983,24.29228913,6960
0,All sites excl. non-melanoma skin cancer,705,Slovenia,0,0,1996,235.4219893,352.5064924,24.02075545,7019
0,All sites excl. non-melanoma skin cancer,705,Slovenia,0,0,1997,254.078763,386.5418995,25.6280582,7680
0,All sites excl. non-melanoma skin cancer,705,Slovenia,0,0,1998,254.3629648,391.2028782,25.74205729,7756
0,All sites excl. non-melanoma skin cancer,705,Slovenia,0,0,1999,253.7513206,398.7797882,25.9182987,7918
0,All sites excl. non-melanoma skin cancer,705,Slovenia,0,0,2000,253.3985979,404.7687954,25.63793466,8056
0,All sites excl. non-melanoma skin cancer,705,Slovenia,0,0,2001,257.7439511,419.5709413,25.89413649,8358
0,All sites excl. non-melanoma skin cancer,705,Slovenia,0,0,2002,260.0566452,432.1752873,26.39168072,8625
0,All sites excl. non-melanoma skin cancer,705,Slovenia,0,0,2003,263.359043,442.6642387,26.55992494,8839
0,All sites excl. non-melanoma skin cancer,705,Slovenia,0,0,2004,275.0100713,472.1072166,27.55857477,9428
0,All sites excl. non-melanoma skin cancer,705,Slovenia,0,0,2005,269.9672777,472.6367413,27.12684319,9458
0,All sites excl. non-melanoma skin cancer,705,Slovenia,0,0,2006,271.1307445,479.7571939,27.29661663,9636
0,All sites excl. non-melanoma skin cancer,705,Slovenia,0,0,2007,280.4175345,502.276412,28.30468995,10143
0,All sites excl. non-melanoma skin cancer,705,Slovenia,0,0,2008,283.1397101,515.8632651,28.2567509,10434
0,All sites excl. non-melanoma skin cancer,705,Slovenia,0,0,2009,281.3985623,520.0909743,28.31601179,10622
0,All sites excl. non-melanoma skin cancer,705,Slovenia,0,0,2010,291.2850174,546.0993012,29.48885518,11191
0,All sites excl. non-melanoma skin cancer,705,Slovenia,0,0,2011,288.3258579,545.1411355,29.07209332,11189
0,All sites excl. non-melanoma skin cancer,705,Slovenia,0,0,2012,284.2360499,546.8661095,28.77036163,11245
0,All sites excl. non-melanoma skin cancer,705,Slovenia,0,0,2013,280.021286,548.5854596,28.17109167,11296
0,All sites excl. non-melanoma skin cancer,705,Slovenia,0,0,2014,279.2906449,558.5405285,28.00753933,11515
0,All sites excl. non-melanoma skin cancer,705,Slovenia,0,0,2015,285.8070737,575.8389047,28.85889822,11880
0,All sites excl. non-melanoma skin cancer,705,Slovenia,0,0,2016,290.9698709,591.2584819,29.54185041,12205
0,All sites excl. non-melanoma skin cancer,705,Slovenia,0,0,2017,278.5596986,577.2541443,28.14739361,11927
0,All sites excl. non-melanoma skin cancer,724,Spain,0,0,1993,232.4644025,352.1123184,23.31748305,24268
0,All sites excl. non-melanoma skin cancer,724,Spain,0,0,1994,237.4422824,364.1323632,23.78985697,25225
0,All sites excl. non-melanoma skin cancer,724,Spain,0,0,1995,238.5888265,371.6010221,23.91447875,25901
0,All sites excl. non-melanoma skin cancer,724,Spain,0,0,1996,240.8433099,382.4395475,24.11171628,26847
0,All sites excl. non-melanoma skin cancer,724,Spain,0,0,1997,247.6583439,400.1512079,24.76043146,28242
0,All sites excl. non-melanoma skin cancer,724,Spain,0,0,1998,249.3927078,409.0727076,24.86659685,29074
0,All sites excl. non-melanoma skin cancer,724,Spain,0,0,1999,256.4928877,423.6141187,25.55224722,30361
0,All sites excl. non-melanoma skin cancer,724,Spain,0,0,2000,258.5677625,433.4015409,25.69385018,31398
0,All sites excl. non-melanoma skin cancer,724,Spain,0,0,2001,257.0875163,436.2792269,25.77993918,32113
0,All sites excl. non-melanoma skin cancer,724,Spain,0,0,2002,261.3236413,443.1746402,25.9675501,33263
0,All sites excl. non-melanoma skin cancer,724,Spain,0,0,2003,261.6325424,447.0239837,25.99744288,34127
0,All sites excl. non-melanoma skin cancer,724,Spain,0,0,2004,271.042619,465.1015455,26.87244808,36119
0,All sites excl. non-melanoma skin cancer,724,Spain,0,0,2005,264.8227651,456.7897152,26.58102509,36187
0,All sites excl. non-melanoma skin cancer,724,Spain,0,0,2006,265.025841,456.0595718,26.53175955,36747
0,All sites excl. non-melanoma skin cancer,724,Spain,0,0,2007,270.4382436,467.569225,27.04669255,38366
0,All sites excl. non-melanoma skin cancer,724,Spain,0,0,2008,273.6447499,476.704664,27.36636487,39808
0,All sites excl. non-melanoma skin cancer,724,Spain,0,0,2009,276.989397,485.1505639,27.68705598,40953
0,All sites excl. non-melanoma skin cancer,724,Spain,0,0,2010,274.5504163,488.6756827,27.6029107,41497
0,All sites excl. non-melanoma skin cancer,724,Spain,0,0,2011,274.6958682,496.2332252,27.69728049,42266
0,All sites excl. non-melanoma skin cancer,724,Spain,0,0,2012,276.9612129,504.13635,27.94690865,42993
0,All sites excl. non-melanoma skin cancer,724,Spain,0,0,2013,282.2241723,519.8580534,28.3866574,44228
0,All sites excl. non-melanoma skin cancer,724,Spain,0,0,2014,278.9709047,523.370155,28.06860676,44349
0,All sites excl. non-melanoma skin cancer,724,Spain,0,0,2015,270.8552901,515.1247018,27.36338456,43616
0,All sites excl. non-melanoma skin cancer,724,Spain,0,0,2016,270.9354258,520.7916203,27.50792607,44088
0,All sites excl. non-melanoma skin cancer,752,Sweden,0,0,1960,166.6820105,244.8205438,17.46599913,18324
0,All sites excl. non-melanoma skin cancer,752,Sweden,0,0,1961,176.2140031,262.0609611,18.31901588,19707
0,All sites excl. non-melanoma skin cancer,752,Sweden,0,0,1962,183.5604532,278.2877376,18.85622177,21043
0,All sites excl. non-melanoma skin cancer,752,Sweden,0,0,1963,183.6569591,281.7339631,18.80350789,21424
0,All sites excl. non-melanoma skin cancer,752,Sweden,0,0,1964,190.7004114,296.2919261,19.40259412,22700
0,All sites excl. non-melanoma skin cancer,752,Sweden,0,0,1965,193.1928706,300.7035034,19.54622341,23256
0,All sites excl. non-melanoma skin cancer,752,Sweden,0,0,1966,193.9906109,305.5403002,19.58339725,23856
0,All sites excl. non-melanoma skin cancer,752,Sweden,0,0,1967,194.0921227,307.8568312,19.46016377,24222
0,All sites excl. non-melanoma skin cancer,752,Sweden,0,0,1968,200.1506272,321.1958552,20.08728369,25413
0,All sites excl. non-melanoma skin cancer,752,Sweden,0,0,1969,204.3654417,331.2859936,20.45796161,26396
0,All sites excl. non-melanoma skin cancer,752,Sweden,0,0,1970,204.4894188,332.9970455,20.29874758,26782
0,All sites excl. non-melanoma skin cancer,752,Sweden,0,0,1971,205.5887658,338.9780696,20.4345709,27451
0,All sites excl. non-melanoma skin cancer,752,Sweden,0,0,1972,210.4845726,351.8277659,20.91344391,28576
0,All sites excl. non-melanoma skin cancer,752,Sweden,0,0,1973,213.5188836,360.9286613,21.13965651,29368
0,All sites excl. non-melanoma skin cancer,752,Sweden,0,0,1974,213.4180635,366.2979424,20.99632802,29892
0,All sites excl. non-melanoma skin cancer,752,Sweden,0,0,1975,210.278639,363.9515937,21.0268417,29817
0,All sites excl. non-melanoma skin cancer,752,Sweden,0,0,1976,213.1151221,369.7983051,21.36116404,30406
0,All sites excl. non-melanoma skin cancer,752,Sweden,0,0,1977,213.2965229,373.912779,21.17819746,30854
0,All sites excl. non-melanoma skin cancer,752,Sweden,0,0,1978,212.940994,377.1243453,21.29292036,31210
0,All sites excl. non-melanoma skin cancer,752,Sweden,0,0,1979,216.4766298,388.7032266,21.62523414,32238
0,All sites excl. non-melanoma skin cancer,752,Sweden,0,0,1980,219.0751536,392.6848518,21.82116881,32634
0,All sites excl. non-melanoma skin cancer,752,Sweden,0,0,1981,216.5255999,393.5223077,21.67419752,32743
0,All sites excl. non-melanoma skin cancer,752,Sweden,0,0,1982,219.0434847,402.5456481,21.96283735,33513
0,All sites excl. non-melanoma skin cancer,752,Sweden,0,0,1983,221.9631956,412.3285306,22.21421359,34343
0,All sites excl. non-melanoma skin cancer,752,Sweden,0,0,1984,224.7880571,418.2397489,22.43744331,34867
0,All sites excl. non-melanoma skin cancer,752,Sweden,0,0,1985,224.444533,420.9742993,22.39193101,35153
0,All sites excl. non-melanoma skin cancer,752,Sweden,0,0,1986,224.825902,423.556585,22.44707475,35451
0,All sites excl. non-melanoma skin cancer,752,Sweden,0,0,1987,230.5657178,436.923384,23.24604554,36692
0,All sites excl. non-melanoma skin cancer,752,Sweden,0,0,1988,228.8175419,432.5849615,23.25415877,36495
0,All sites excl. non-melanoma skin cancer,752,Sweden,0,0,1989,228.898748,431.8512841,23.21273152,36677
0,All sites excl. non-melanoma skin cancer,752,Sweden,0,0,1990,230.7011995,432.9441334,23.47298841,37055
0,All sites excl. non-melanoma skin cancer,752,Sweden,0,0,1991,231.950555,433.3566235,23.68974916,37344
0,All sites excl. non-melanoma skin cancer,752,Sweden,0,0,1992,230.1491235,431.5027586,23.41845233,37403
0,All sites excl. non-melanoma skin cancer,752,Sweden,0,0,1993,231.4296593,435.8627119,23.77729988,38001
0,All sites excl. non-melanoma skin cancer,752,Sweden,0,0,1994,234.937471,438.4588797,23.97374198,38500
0,All sites excl. non-melanoma skin cancer,752,Sweden,0,0,1995,229.8568401,428.6532074,23.63131277,37837
0,All sites excl. non-melanoma skin cancer,752,Sweden,0,0,1996,230.2497138,432.9484676,23.62029691,38277
0,All sites excl. non-melanoma skin cancer,752,Sweden,0,0,1997,232.1490519,435.0631557,23.84832364,38486
0,All sites excl. non-melanoma skin cancer,752,Sweden,0,0,1998,237.6437447,445.0239657,24.48383374,39389
0,All sites excl. non-melanoma skin cancer,752,Sweden,0,0,1999,242.9213777,460.7984863,25.0513441,40817
0,All sites excl. non-melanoma skin cancer,752,Sweden,0,0,2000,243.1696181,462.4487115,25.06934288,41029
0,All sites excl. non-melanoma skin cancer,752,Sweden,0,0,2001,247.7289603,469.6510756,25.46978931,41780
0,All sites excl. non-melanoma skin cancer,752,Sweden,0,0,2002,251.291297,476.7859698,25.8667511,42553
0,All sites excl. non-melanoma skin cancer,752,Sweden,0,0,2003,257.6414127,490.9893015,26.57440188,43984
0,All sites excl. non-melanoma skin cancer,752,Sweden,0,0,2004,266.9248884,507.9646622,27.45897097,45684
0,All sites excl. non-melanoma skin cancer,752,Sweden,0,0,2005,260.9427955,503.9989111,26.99252302,45509
0,All sites excl. non-melanoma skin cancer,752,Sweden,0,0,2006,258.5934185,498.6392289,26.67320489,45279
0,All sites excl. non-melanoma skin cancer,752,Sweden,0,0,2007,257.0491406,496.2996696,26.64937315,45402
0,All sites excl. non-melanoma skin cancer,752,Sweden,0,0,2008,258.2746343,499.9106257,26.71347922,46090
0,All sites excl. non-melanoma skin cancer,752,Sweden,0,0,2009,270.044507,526.330789,27.914369,48941
0,All sites excl. non-melanoma skin cancer,752,Sweden,0,0,2010,267.7960199,523.686101,27.64344752,49112
0,All sites excl. non-melanoma skin cancer,752,Sweden,0,0,2011,270.646796,532.5411976,27.84767453,50321
0,All sites excl. non-melanoma skin cancer,752,Sweden,0,0,2012,264.4745803,521.1786266,27.21428006,49613
0,All sites excl. non-melanoma skin cancer,752,Sweden,0,0,2013,272.5280469,540.3947694,27.72294847,51880
0,All sites excl. non-melanoma skin cancer,752,Sweden,0,0,2014,282.2995642,562.0908157,28.87670882,54501
0,All sites excl. non-melanoma skin cancer,752,Sweden,0,0,2015,276.9324685,557.7089633,28.22641229,54651
0,All sites excl. non-melanoma skin cancer,752,Sweden,0,0,2016,274.5497961,558.1927816,28.0454492,55390
0,All sites excl. non-melanoma skin cancer,752,Sweden,0,0,2017,273.1491744,554.519921,27.87203312,55772
0,All sites excl. non-melanoma skin cancer,752,Sweden,0,0,2018,271.683437,559.181793,27.72934048,56898
0,All sites excl. non-melanoma skin cancer,752,Sweden,0,0,2019,274.3201267,566.8701613,27.78727107,58268
0,All sites excl. non-melanoma skin cancer,752,Sweden,0,0,2020,254.5290059,525.167787,26.04043939,54373
0,All sites excl. non-melanoma skin cancer,752,Sweden,0,0,2021,269.2194203,567.7230535,27.09455112,59133
0,All sites excl. non-melanoma skin cancer,752,Sweden,0,0,2022,269.7228117,570.5376138,27.25081062,59832
0,All sites excl. non-melanoma skin cancer,756,Switzerland,0,0,1998,280.0121722,477.5725739,27.9182744,8655
0,All sites excl. non-melanoma skin cancer,756,Switzerland,0,0,1999,286.6172166,489.9620607,28.30797691,8929
0,All sites excl. non-melanoma skin cancer,756,Switzerland,0,0,2000,282.5656142,488.1172659,28.20120315,8956
0,All sites excl. non-melanoma skin cancer,756,Switzerland,0,0,2001,289.8826357,503.0771289,29.37191108,9287
0,All sites excl. non-melanoma skin cancer,756,Switzerland,0,0,2002,293.0474237,510.9932011,28.9504902,9515
0,All sites excl. non-melanoma skin cancer,756,Switzerland,0,0,2003,291.6962264,517.91022,29.21066948,9742
0,All sites excl. non-melanoma skin cancer,756,Switzerland,0,0,2004,298.5426875,526.1720327,29.61879715,9998
0,All sites excl. non-melanoma skin cancer,756,Switzerland,0,0,2005,292.635943,526.5057815,29.03717975,10093
0,All sites excl. non-melanoma skin cancer,756,Switzerland,0,0,2006,292.4042047,528.8196902,29.04501182,10222
0,All sites excl. non-melanoma skin cancer,756,Switzerland,0,0,2007,296.3247475,541.0382035,29.5402351,10566
0,All sites excl. non-melanoma skin cancer,756,Switzerland,0,0,2008,293.1464141,537.3194871,29.41684847,10650
0,All sites excl. non-melanoma skin cancer,756,Switzerland,0,0,2009,293.1202215,544.0408977,29.41275849,10957
0,All sites excl. non-melanoma skin cancer,756,Switzerland,0,0,2010,293.247593,545.2717638,29.1577143,11130
0,All sites excl. non-melanoma skin cancer,756,Switzerland,0,0,2011,299.5469138,556.3823598,29.68518976,11466
0,All sites excl. non-melanoma skin cancer,756,Switzerland,0,0,2012,288.4113837,540.9068613,28.66130698,11270
0,All sites excl. non-melanoma skin cancer,756,Switzerland,0,0,2013,289.8981946,549.8303931,28.91917521,11604
0,All sites excl. non-melanoma skin cancer,756,Switzerland,0,0,2014,284.5340882,547.3609898,28.53057398,11723
0,All sites excl. non-melanoma skin cancer,756,Switzerland,0,0,2015,281.7968226,545.9342556,28.50064527,11844
0,All sites excl. non-melanoma skin cancer,756,Switzerland,0,0,2016,290.6364805,571.5215536,29.06298804,12539
0,All sites excl. non-melanoma skin cancer,756,Switzerland,0,0,2017,284.2788647,557.4511203,28.65953895,12340